pkg_desc,type
17-18 Café Ludwig,full
Clx Thu 12,full
Clx Fri Romantic 6,partial
PS 2017 Summer,full
Clx Thu Escapes 6,partial
Pops Fri 7,full
PS 17-18 Flex 3C,partial
PS 17-18 Classics CYO 6,partial
Clx Sat Romantic 6,partial
Pops Fri Peel 4,partial
17-18 Family 10:00am,full
Clx Fri 12,full
Pops Sat 7,full
17-18 Family 10:00am Peel 3,partial
17-18 Connections,full
PS 17-18 Pedals and Pipes,full
Clx Sat 12,full
Clx Thu Romantic 6,partial
PS 17-18 Flex 4A,partial
17-18 Family 11:30am,full
Clx Fri Escapes 6,partial
PS 17-18 Pops CYO 4,partial
Clx Sat 7 Peel,partial
17-18 Family 11:30am Peel 3,partial
17-18 Connections Peel 3,partial
PS 17-18 Flex 6A,partial
Clx Sat Escapes 6,partial
Clx Sat Romantic Peel 5,partial
Pops Sat Peel 4,partial
17-18 Family 11:30am Peel 4,partial
17-18 Family 10:00am Peel 4,partial
Clx Fri 10 Peel,partial
Clx Thu 9 Peel,partial
Clx Thu Escapes Peel 4,partial
PS 2017 Summer Peel 2,partial
Clx Sat 8 Peel,partial
Pops Fri Peel 5,partial
Pops Fri Peel 6,partial
Clx Sat 10 Peel,partial
Pops Sat Peel 5,partial
Clx Fri 11 Peel,partial
Clx Fri Romantic Peel 5,partial
Clx Thu Romantic Peel 5,partial
Clx Sat Escapes Peel 4,partial
Clx Thu 10 Peel,partial
Clx Thu Escapes Peel 5,partial
